<?xml version="1.0" encoding="UTF-8"?>
<project-private xmlns="http://www.netbeans.org/ns/project-private/1">
    <editor-bookmarks xmlns="http://www.netbeans.org/ns/editor-bookmarks/2" lastBookmarkId="0"/>
    <open-files xmlns="http://www.netbeans.org/ns/projectui-open-files/2">
        <group>
            <file>file:/C:/Users/Lyan/Documents/NetBeansProjects/airplane/src/airplane/Airplane.java</file>
            <file>file:/C:/Users/Lyan/Documents/NetBeansProjects/airplane/src/airplane/makeFlight.fxml</file>
            <file>file:/C:/Users/Lyan/Documents/NetBeansProjects/airplane/src/airplane/MakeFlightController.java</file>
            <file>file:/C:/Users/Lyan/Documents/NetBeansProjects/airplane/src/airplane/ReservationController.java</file>
            <file>file:/C:/Users/Lyan/Documents/NetBeansProjects/airplane/src/airplane/Reservation.fxml</file>
            <file>file:/C:/Users/Lyan/Documents/NetBeansProjects/airplane/src/airplane/allFlights.fxml</file>
            <file>file:/C:/Users/Lyan/Documents/NetBeansProjects/airplane/src/airplane/FXMLDocument.fxml</file>
            <file>file:/C:/Users/Lyan/Documents/NetBeansProjects/airplane/src/airplane/PassengerSeatMap.fxml</file>
            <file>file:/C:/Users/Lyan/Documents/NetBeansProjects/airplane/src/airplane/FXMLDocumentController.java</file>
            <file>file:/C:/Users/Lyan/Documents/NetBeansProjects/airplane/src/airplane/PassengerSeatMapController.java</file>
            <file>file:/C:/Users/Lyan/Documents/NetBeansProjects/airplane/src/airplane/AllFlightsController.java</file>
            <file>file:/C:/Users/Lyan/Documents/NetBeansProjects/airplane/src/airplane/allReservationsAllFlights.fxml</file>
            <file>file:/C:/Users/Lyan/Documents/NetBeansProjects/airplane/src/airplane/AllReservationsAllFlightsController.java</file>
        </group>
    </open-files>
</project-private>
